{"cameraMode":{"drawMode":0,"name":"Shaded","section":"Shading Mode"},"sceneLighting":true,"audioPlay":false,"sceneViewState":{"m_AlwaysRefresh":false,"showFog":true,"showSkybox":true,"showFlares":true,"showImageEffects":true,"showParticleSystems":true,"showVisualEffectGraphs":true,"m_FxEnabled":true},"in2DMode":false,"pivot":{"x":0.5944623947143555,"y":5.634762763977051,"z":-1.4393630027770997},"rotation":{"x":0.08415786176919937,"y":0.9069417119026184,"z":-0.2176230549812317,"w":0.35072651505470278},"size":6.209074020385742,"orthographic":false}